nuid,first_name,last_name
78489895,Valma,Brunroth
80278781,Andrus,Noir
52142868,Hendrick,Tiltman
17615008,Ric,Marple
11903813,Brittaney,Buscombe
33697221,Huntley,Hartop
50582116,Dagmar,Willson
27373481,Norrie,Schlagman
63668377,Padraig,Milby
56312751,Toby,Dominichetti
52533520,Sid,Vinsen
17226021,Stephani,Tiffany
59222715,Andrej,Luciano
30897250,Dre,Van Son
17796862,Catrina,Boyd
75787602,Benita,Boyet
22898750,Abbie,Wooderson
10911038,Artair,Tiffany
80980460,Avrit,Clemendet
32852811,Tammie,Hesey
84406214,Karilynn,Larmour
87296490,Ange,Fitzroy
79611358,Andonis,Mowsdell
17856164,Lew,Jorge
73366899,Georgine,Bartolomeo
45787413,Chantal,Llywarch
27410412,Findlay,Brimilcome
95232410,Cherry,Cantillon
21605830,Mireielle,Dowears
55963945,Devan,Shilling
51651160,Charline,Studdeard
17079175,Monti,Astman
85252962,Arvin,Hambers
28097156,Geoffrey,Thamelt
61802162,Marlee,Tidman
38085852,Dyann,Nelthorp
63128893,Agnese,Catlow
51633540,Eduardo,Da Costa
60750818,Jamal,Inglefield
42332623,Pooh,Askam
16538595,Merell,Dooher
33088374,Salvador,Mechic
49328477,Suellen,Crossman
92475167,Erek,Britney
27261079,Giulietta,Scholer
13298960,Maud,McGall
56248501,Paxton,Charnock
39290734,Jelene,Loxston
22186510,Lonnie,Gagg
37052979,Ferdinanda,Sember
53188460,Matthew,Lobmeyer
61469250,Nicole,Livingston
86063750,Dan,Navarro
90266862,Will,Blazer
73646860,Nick,Colleran
71651167,Taylor,Runge
